EcoRegion,Stock,Area,Year,R,SSB,Landings,F,Method,Assessment_URL,Meeting,Fref,key,Fref_point,F_Fref,Meeting_comments,Blim,catch,biomass,Scientific_name,Species,Bref_point,Bref,B_Bref,asses_year,version,stk_updated
Central Med.,ANE,17_18,1975,150128,177371,22049,0.23,SAM,https://gfcmsitestorage.blob.core.windows.net/documents/SAC/SAFs/SmallPelagics/2016/ANE_GSA_17-18_2016_ALB_HRV_ITA_MNE_SVN.pdf,GFCM_WGSASP_2017,E0.4,ANE_17_18_WGSASP2017,0.64,0.359375,NA,NA,22049,750879,Engraulis encrasicolus,European anchovy,NA,NA,NA,2017,24_01_2019,updated
Central Med.,ANE,17_18,1976,181361,254486,28001,0.23,SAM,https://gfcmsitestorage.blob.core.windows.net/documents/SAC/SAFs/SmallPelagics/2016/ANE_GSA_17-18_2016_ALB_HRV_ITA_MNE_SVN.pdf,GFCM_WGSASP_2017,E0.4,ANE_17_18_WGSASP2017,0.64,0.359375,NA,NA,28001,1128049,Engraulis encrasicolus,European anchovy,NA,NA,NA,2017,24_01_2019,updated
Central Med.,ANE,17_18,1977,202045,277895,35565,0.22,SAM,https://gfcmsitestorage.blob.core.windows.net/documents/SAC/SAFs/SmallPelagics/2016/ANE_GSA_17-18_2016_ALB_HRV_ITA_MNE_SVN.pdf,GFCM_WGSASP_2017,E0.4,ANE_17_18_WGSASP2017,0.64,0.34375,NA,NA,35565,1150837,Engraulis encrasicolus,European anchovy,NA,NA,NA,2017,24_01_2019,updated
Central Med.,ANE,17_18,1978,188951,284930,54624,0.24,SAM,https://gfcmsitestorage.blob.core.windows.net/documents/SAC/SAFs/SmallPelagics/2016/ANE_GSA_17-18_2016_ALB_HRV_ITA_MNE_SVN.pdf,GFCM_WGSASP_2017,E0.4,ANE_17_18_WGSASP2017,0.64,0.375,NA,NA,54624,1129177,Engraulis encrasicolus,European anchovy,NA,NA,NA,2017,24_01_2019,updated
Central Med.,ANE,17_18,1979,155010,261712,50378,0.25,SAM,https://gfcmsitestorage.blob.core.windows.net/documents/SAC/SAFs/SmallPelagics/2016/ANE_GSA_17-18_2016_ALB_HRV_ITA_MNE_SVN.pdf,GFCM_WGSASP_2017,E0.4,ANE_17_18_WGSASP2017,0.64,0.390625,NA,NA,50378,989544,Engraulis encrasicolus,European anchovy,NA,NA,NA,2017,24_01_2019,updated
Central Med.,ANE,17_18,1980,119880,213416,61323,0.26,SAM,https://gfcmsitestorage.blob.core.windows.net/documents/SAC/SAFs/SmallPelagics/2016/ANE_GSA_17-18_2016_ALB_HRV_ITA_MNE_SVN.pdf,GFCM_WGSASP_2017,E0.4,ANE_17_18_WGSASP2017,0.64,0.40625,NA,NA,61323,764517,Engraulis encrasicolus,European anchovy,NA,NA,NA,2017,24_01_2019,updated
Central Med.,ANE,17_18,1981,94112,171785,33422,0.26,SAM,https://gfcmsitestorage.blob.core.windows.net/documents/SAC/SAFs/SmallPelagics/2016/ANE_GSA_17-18_2016_ALB_HRV_ITA_MNE_SVN.pdf,GFCM_WGSASP_2017,E0.4,ANE_17_18_WGSASP2017,0.64,0.40625,NA,NA,33422,669978,Engraulis encrasicolus,European anchovy,NA,NA,NA,2017,24_01_2019,updated
Central Med.,ANE,17_18,1982,74551,139246,36425,0.27,SAM,https://gfcmsitestorage.blob.core.windows.net/documents/SAC/SAFs/SmallPelagics/2016/ANE_GSA_17-18_2016_ALB_HRV_ITA_MNE_SVN.pdf,GFCM_WGSASP_2017,E0.4,ANE_17_18_WGSASP2017,0.64,0.421875,NA,NA,36425,524919,Engraulis encrasicolus,European anchovy,NA,NA,NA,2017,24_01_2019,updated
Central Med.,ANE,17_18,1983,57025,109316,27201,0.27,SAM,https://gfcmsitestorage.blob.core.windows.net/documents/SAC/SAFs/SmallPelagics/2016/ANE_GSA_17-18_2016_ALB_HRV_ITA_MNE_SVN.pdf,GFCM_WGSASP_2017,E0.4,ANE_17_18_WGSASP2017,0.64,0.421875,NA,NA,27201,410446,Engraulis encrasicolus,European anchovy,NA,NA,NA,2017,24_01_2019,updated
Central Med.,ANE,17_18,1984,37958,83617,28211,0.3,SAM,https://gfcmsitestorage.blob.core.windows.net/documents/SAC/SAFs/SmallPelagics/2016/ANE_GSA_17-18_2016_ALB_HRV_ITA_MNE_SVN.pdf,GFCM_WGSASP_2017,E0.4,ANE_17_18_WGSASP2017,0.64,0.46875,NA,NA,28211,295079,Engraulis encrasicolus,European anchovy,NA,NA,NA,2017,24_01_2019,updated
Central Med.,ANE,17_18,1985,24668,56954,45198,0.34,SAM,https://gfcmsitestorage.blob.core.windows.net/documents/SAC/SAFs/SmallPelagics/2016/ANE_GSA_17-18_2016_ALB_HRV_ITA_MNE_SVN.pdf,GFCM_WGSASP_2017,E0.4,ANE_17_18_WGSASP2017,0.64,0.53125,NA,NA,45198,173685,Engraulis encrasicolus,European anchovy,NA,NA,NA,2017,24_01_2019,updated
Central Med.,ANE,17_18,1986,19915,52628,16446,0.3,SAM,https://gfcmsitestorage.blob.core.windows.net/documents/SAC/SAFs/SmallPelagics/2016/ANE_GSA_17-18_2016_ALB_HRV_ITA_MNE_SVN.pdf,GFCM_WGSASP_2017,E0.4,ANE_17_18_WGSASP2017,0.64,0.46875,NA,NA,16446,196811,Engraulis encrasicolus,European anchovy,NA,NA,NA,2017,24_01_2019,updated
Central Med.,ANE,17_18,1987,22977,43391,4848,0.27,SAM,https://gfcmsitestorage.blob.core.windows.net/documents/SAC/SAFs/SmallPelagics/2016/ANE_GSA_17-18_2016_ALB_HRV_ITA_MNE_SVN.pdf,GFCM_WGSASP_2017,E0.4,ANE_17_18_WGSASP2017,0.64,0.421875,NA,NA,4848,196811,Engraulis encrasicolus,European anchovy,NA,NA,NA,2017,24_01_2019,updated
Central Med.,ANE,17_18,1988,29651,52418,11624,0.3,SAM,https://gfcmsitestorage.blob.core.windows.net/documents/SAC/SAFs/SmallPelagics/2016/ANE_GSA_17-18_2016_ALB_HRV_ITA_MNE_SVN.pdf,GFCM_WGSASP_2017,E0.4,ANE_17_18_WGSASP2017,0.64,0.46875,NA,NA,11624,229349,Engraulis encrasicolus,European anchovy,NA,NA,NA,2017,24_01_2019,updated
Central Med.,ANE,17_18,1989,35963,64602,14287,0.33,SAM,https://gfcmsitestorage.blob.core.windows.net/documents/SAC/SAFs/SmallPelagics/2016/ANE_GSA_17-18_2016_ALB_HRV_ITA_MNE_SVN.pdf,GFCM_WGSASP_2017,E0.4,ANE_17_18_WGSASP2017,0.64,0.515625,NA,NA,14287,279288,Engraulis encrasicolus,European anchovy,NA,NA,NA,2017,24_01_2019,updated
Central Med.,ANE,17_18,1990,36216,69633,14363,0.34,SAM,https://gfcmsitestorage.blob.core.windows.net/documents/SAC/SAFs/SmallPelagics/2016/ANE_GSA_17-18_2016_ALB_HRV_ITA_MNE_SVN.pdf,GFCM_WGSASP_2017,E0.4,ANE_17_18_WGSASP2017,0.64,0.53125,NA,NA,14363,284930,Engraulis encrasicolus,European anchovy,NA,NA,NA,2017,24_01_2019,updated
Central Med.,ANE,17_18,1991,34830,64861,21371,0.37,SAM,https://gfcmsitestorage.blob.core.windows.net/documents/SAC/SAFs/SmallPelagics/2016/ANE_GSA_17-18_2016_ALB_HRV_ITA_MNE_SVN.pdf,GFCM_WGSASP_2017,E0.4,ANE_17_18_WGSASP2017,0.64,0.578125,NA,NA,21371,239187,Engraulis encrasicolus,European anchovy,NA,NA,NA,2017,24_01_2019,updated
Central Med.,ANE,17_18,1992,34346,66703,14557,0.37,SAM,https://gfcmsitestorage.blob.core.windows.net/documents/SAC/SAFs/SmallPelagics/2016/ANE_GSA_17-18_2016_ALB_HRV_ITA_MNE_SVN.pdf,GFCM_WGSASP_2017,E0.4,ANE_17_18_WGSASP2017,0.64,0.578125,NA,NA,14557,261450,Engraulis encrasicolus,European anchovy,NA,NA,NA,2017,24_01_2019,updated
Central Med.,ANE,17_18,1993,44634,71539,14562,0.38,SAM,https://gfcmsitestorage.blob.core.windows.net/documents/SAC/SAFs/SmallPelagics/2016/ANE_GSA_17-18_2016_ALB_HRV_ITA_MNE_SVN.pdf,GFCM_WGSASP_2017,E0.4,ANE_17_18_WGSASP2017,0.64,0.59375,NA,NA,14562,299839,Engraulis encrasicolus,European anchovy,NA,NA,NA,2017,24_01_2019,updated
Central Med.,ANE,17_18,1994,55009,87904,21424,0.41,SAM,https://gfcmsitestorage.blob.core.windows.net/documents/SAC/SAFs/SmallPelagics/2016/ANE_GSA_17-18_2016_ALB_HRV_ITA_MNE_SVN.pdf,GFCM_WGSASP_2017,E0.4,ANE_17_18_WGSASP2017,0.64,0.640625,NA,NA,21424,364397,Engraulis encrasicolus,European anchovy,NA,NA,NA,2017,24_01_2019,updated
Central Med.,ANE,17_18,1995,56797,116774,35665,0.45,SAM,https://gfcmsitestorage.blob.core.windows.net/documents/SAC/SAFs/SmallPelagics/2016/ANE_GSA_17-18_2016_ALB_HRV_ITA_MNE_SVN.pdf,GFCM_WGSASP_2017,E0.4,ANE_17_18_WGSASP2017,0.64,0.703125,NA,NA,35665,497823,Engraulis encrasicolus,European anchovy,NA,NA,NA,2017,24_01_2019,updated
Central Med.,ANE,17_18,1996,57887,116891,30304,0.48,SAM,https://gfcmsitestorage.blob.core.windows.net/documents/SAC/SAFs/SmallPelagics/2016/ANE_GSA_17-18_2016_ALB_HRV_ITA_MNE_SVN.pdf,GFCM_WGSASP_2017,E0.4,ANE_17_18_WGSASP2017,0.64,0.75,NA,NA,30304,498321,Engraulis encrasicolus,European anchovy,NA,NA,NA,2017,24_01_2019,updated
Central Med.,ANE,17_18,1997,58410,112420,39040,0.52,SAM,https://gfcmsitestorage.blob.core.windows.net/documents/SAC/SAFs/SmallPelagics/2016/ANE_GSA_17-18_2016_ALB_HRV_ITA_MNE_SVN.pdf,GFCM_WGSASP_2017,E0.4,ANE_17_18_WGSASP2017,0.64,0.8125,NA,NA,39040,461852,Engraulis encrasicolus,European anchovy,NA,NA,NA,2017,24_01_2019,updated
Central Med.,ANE,17_18,1998,60551,128541,32294,0.54,SAM,https://gfcmsitestorage.blob.core.windows.net/documents/SAC/SAFs/SmallPelagics/2016/ANE_GSA_17-18_2016_ALB_HRV_ITA_MNE_SVN.pdf,GFCM_WGSASP_2017,E0.4,ANE_17_18_WGSASP2017,0.64,0.84375,NA,NA,32294,579546,Engraulis encrasicolus,European anchovy,NA,NA,NA,2017,24_01_2019,updated
Central Med.,ANE,17_18,1999,66519,126121,29383,0.54,SAM,https://gfcmsitestorage.blob.core.windows.net/documents/SAC/SAFs/SmallPelagics/2016/ANE_GSA_17-18_2016_ALB_HRV_ITA_MNE_SVN.pdf,GFCM_WGSASP_2017,E0.4,ANE_17_18_WGSASP2017,0.64,0.84375,NA,NA,29383,587717,Engraulis encrasicolus,European anchovy,NA,NA,NA,2017,24_01_2019,updated
Central Med.,ANE,17_18,2000,60612,87378,37952,0.62,SAM,https://gfcmsitestorage.blob.core.windows.net/documents/SAC/SAFs/SmallPelagics/2016/ANE_GSA_17-18_2016_ALB_HRV_ITA_MNE_SVN.pdf,GFCM_WGSASP_2017,E0.4,ANE_17_18_WGSASP2017,0.64,0.96875,NA,NA,37952,348711,Engraulis encrasicolus,European anchovy,NA,NA,NA,2017,24_01_2019,updated
Central Med.,ANE,17_18,2001,57426,89232,33984,0.69,SAM,https://gfcmsitestorage.blob.core.windows.net/documents/SAC/SAFs/SmallPelagics/2016/ANE_GSA_17-18_2016_ALB_HRV_ITA_MNE_SVN.pdf,GFCM_WGSASP_2017,E0.4,ANE_17_18_WGSASP2017,0.64,1.078125,NA,NA,33984,383847,Engraulis encrasicolus,European anchovy,NA,NA,NA,2017,24_01_2019,updated
Central Med.,ANE,17_18,2002,70070,97636,26721,0.72,SAM,https://gfcmsitestorage.blob.core.windows.net/documents/SAC/SAFs/SmallPelagics/2016/ANE_GSA_17-18_2016_ALB_HRV_ITA_MNE_SVN.pdf,GFCM_WGSASP_2017,E0.4,ANE_17_18_WGSASP2017,0.64,1.125,NA,NA,26721,462314,Engraulis encrasicolus,European anchovy,NA,NA,NA,2017,24_01_2019,updated
Central Med.,ANE,17_18,2003,91422,114234,31172,0.69,SAM,https://gfcmsitestorage.blob.core.windows.net/documents/SAC/SAFs/SmallPelagics/2016/ANE_GSA_17-18_2016_ALB_HRV_ITA_MNE_SVN.pdf,GFCM_WGSASP_2017,E0.4,ANE_17_18_WGSASP2017,0.64,1.078125,NA,NA,31172,547436,Engraulis encrasicolus,European anchovy,NA,NA,NA,2017,24_01_2019,updated
Central Med.,ANE,17_18,2004,113578,156061,38859,0.67,SAM,https://gfcmsitestorage.blob.core.windows.net/documents/SAC/SAFs/SmallPelagics/2016/ANE_GSA_17-18_2016_ALB_HRV_ITA_MNE_SVN.pdf,GFCM_WGSASP_2017,E0.4,ANE_17_18_WGSASP2017,0.64,1.046875,NA,NA,38859,751630,Engraulis encrasicolus,European anchovy,NA,NA,NA,2017,24_01_2019,updated
Central Med.,ANE,17_18,2005,117037,194269,57301,0.64,SAM,https://gfcmsitestorage.blob.core.windows.net/documents/SAC/SAFs/SmallPelagics/2016/ANE_GSA_17-18_2016_ALB_HRV_ITA_MNE_SVN.pdf,GFCM_WGSASP_2017,E0.4,ANE_17_18_WGSASP2017,0.64,1,NA,NA,57301,876770,Engraulis encrasicolus,European anchovy,NA,NA,NA,2017,24_01_2019,updated
Central Med.,ANE,17_18,2006,109234,184979,60803,0.65,SAM,https://gfcmsitestorage.blob.core.windows.net/documents/SAC/SAFs/SmallPelagics/2016/ANE_GSA_17-18_2016_ALB_HRV_ITA_MNE_SVN.pdf,GFCM_WGSASP_2017,E0.4,ANE_17_18_WGSASP2017,0.64,1.015625,NA,NA,60803,818313,Engraulis encrasicolus,European anchovy,NA,NA,NA,2017,24_01_2019,updated
Central Med.,ANE,17_18,2007,97270,141210,65317,0.73,SAM,https://gfcmsitestorage.blob.core.windows.net/documents/SAC/SAFs/SmallPelagics/2016/ANE_GSA_17-18_2016_ALB_HRV_ITA_MNE_SVN.pdf,GFCM_WGSASP_2017,E0.4,ANE_17_18_WGSASP2017,0.64,1.140625,NA,NA,65317,591253,Engraulis encrasicolus,European anchovy,NA,NA,NA,2017,24_01_2019,updated
Central Med.,ANE,17_18,2008,107285,142059,49101,0.86,SAM,https://gfcmsitestorage.blob.core.windows.net/documents/SAC/SAFs/SmallPelagics/2016/ANE_GSA_17-18_2016_ALB_HRV_ITA_MNE_SVN.pdf,GFCM_WGSASP_2017,E0.4,ANE_17_18_WGSASP2017,0.64,1.34375,NA,NA,49101,653436,Engraulis encrasicolus,European anchovy,NA,NA,NA,2017,24_01_2019,updated
Central Med.,ANE,17_18,2009,106324,133252,52269,0.98,SAM,https://gfcmsitestorage.blob.core.windows.net/documents/SAC/SAFs/SmallPelagics/2016/ANE_GSA_17-18_2016_ALB_HRV_ITA_MNE_SVN.pdf,GFCM_WGSASP_2017,E0.4,ANE_17_18_WGSASP2017,0.64,1.53125,NA,NA,52269,602595,Engraulis encrasicolus,European anchovy,NA,NA,NA,2017,24_01_2019,updated
Central Med.,ANE,17_18,2010,91697,120090,53710,1.15,SAM,https://gfcmsitestorage.blob.core.windows.net/documents/SAC/SAFs/SmallPelagics/2016/ANE_GSA_17-18_2016_ALB_HRV_ITA_MNE_SVN.pdf,GFCM_WGSASP_2017,E0.4,ANE_17_18_WGSASP2017,0.64,1.796875,NA,NA,53710,523871,Engraulis encrasicolus,European anchovy,NA,NA,NA,2017,24_01_2019,updated
Central Med.,ANE,17_18,2011,83470,108989,45263,1.31,SAM,https://gfcmsitestorage.blob.core.windows.net/documents/SAC/SAFs/SmallPelagics/2016/ANE_GSA_17-18_2016_ALB_HRV_ITA_MNE_SVN.pdf,GFCM_WGSASP_2017,E0.4,ANE_17_18_WGSASP2017,0.64,2.046875,NA,NA,45263,486018,Engraulis encrasicolus,European anchovy,NA,NA,NA,2017,24_01_2019,updated
Central Med.,ANE,17_18,2012,87487,83200,36045,1.25,SAM,https://gfcmsitestorage.blob.core.windows.net/documents/SAC/SAFs/SmallPelagics/2016/ANE_GSA_17-18_2016_ALB_HRV_ITA_MNE_SVN.pdf,GFCM_WGSASP_2017,E0.4,ANE_17_18_WGSASP2017,0.64,1.953125,NA,NA,36045,352216,Engraulis encrasicolus,European anchovy,NA,NA,NA,2017,24_01_2019,updated
Central Med.,ANE,17_18,2013,63783,87816,28043,1.08,SAM,https://gfcmsitestorage.blob.core.windows.net/documents/SAC/SAFs/SmallPelagics/2016/ANE_GSA_17-18_2016_ALB_HRV_ITA_MNE_SVN.pdf,GFCM_WGSASP_2017,E0.4,ANE_17_18_WGSASP2017,0.64,1.6875,NA,NA,28043,358613,Engraulis encrasicolus,European anchovy,NA,NA,NA,2017,24_01_2019,updated
Central Med.,ANE,17_18,2014,66652,101926,31943,1.19,SAM,https://gfcmsitestorage.blob.core.windows.net/documents/SAC/SAFs/SmallPelagics/2016/ANE_GSA_17-18_2016_ALB_HRV_ITA_MNE_SVN.pdf,GFCM_WGSASP_2017,E0.4,ANE_17_18_WGSASP2017,0.64,1.859375,NA,NA,31943,527023,Engraulis encrasicolus,European anchovy,NA,NA,NA,2017,24_01_2019,updated
Central Med.,ANE,17_18,2015,51598,78433,39737,1.42,SAM,https://gfcmsitestorage.blob.core.windows.net/documents/SAC/SAFs/SmallPelagics/2016/ANE_GSA_17-18_2016_ALB_HRV_ITA_MNE_SVN.pdf,GFCM_WGSASP_2017,E0.4,ANE_17_18_WGSASP2017,0.64,2.21875,NA,NA,39737,372131,Engraulis encrasicolus,European anchovy,NA,NA,NA,2017,24_01_2019,updated
Central Med.,ANE,17_18,2016,45764,57469,34252,1.43,SAM,https://gfcmsitestorage.blob.core.windows.net/documents/SAC/SAFs/SmallPelagics/2016/ANE_GSA_17-18_2016_ALB_HRV_ITA_MNE_SVN.pdf,GFCM_WGSASP_2017,E0.4,ANE_17_18_WGSASP2017,0.64,2.234375,NA,NA,34252,269682,Engraulis encrasicolus,European anchovy,NA,NA,NA,2017,24_01_2019,updated
Western Med.,ARA,5,1997,61290,231.98,103,1.05395,XSA,https://gfcmsitestorage.blob.core.windows.net/documents/SAC/SAFs/DemersalSpecies/2016/ARA_GSA_05_2016_ESP.pdf,NA,Fmsy,ARA_5_GFCM,0.31,1.240483871,NA,NA,103,453,Aristeus antennatus,Blue and red shrimp,NA,NA,NA,2017,12_02_2019,updated
Western Med.,ARA,5,1998,83238,260.26,93,0.8782,XSA,https://gfcmsitestorage.blob.core.windows.net/documents/SAC/SAFs/DemersalSpecies/2016/ARA_GSA_05_2016_ESP.pdf,NA,Fmsy,ARA_5_GFCM,0.31,0.942193548,NA,NA,93,550,Aristeus antennatus,Blue and red shrimp,NA,NA,NA,2017,12_02_2019,updated
Western Med.,ARA,5,1999,89058,301.03,100,0.48771,XSA,https://gfcmsitestorage.blob.core.windows.net/documents/SAC/SAFs/DemersalSpecies/2016/ARA_GSA_05_2016_ESP.pdf,NA,Fmsy,ARA_5_GFCM,0.31,0.823903226,NA,NA,100,567,Aristeus antennatus,Blue and red shrimp,NA,NA,NA,2017,12_02_2019,updated
Western Med.,ARA,5,2000,78082,355.85,145,0.74244,XSA,https://gfcmsitestorage.blob.core.windows.net/documents/SAC/SAFs/DemersalSpecies/2016/ARA_GSA_05_2016_ESP.pdf,NA,Fmsy,ARA_5_GFCM,0.31,0.600258065,NA,NA,145,593,Aristeus antennatus,Blue and red shrimp,NA,NA,NA,2017,12_02_2019,updated
Western Med.,ARA,5,2001,64481,370.8,148,0.6866,XSA,https://gfcmsitestorage.blob.core.windows.net/documents/SAC/SAFs/DemersalSpecies/2016/ARA_GSA_05_2016_ESP.pdf,NA,Fmsy,ARA_5_GFCM,0.31,0.899183871,NA,NA,148,588,Aristeus antennatus,Blue and red shrimp,NA,NA,NA,2017,12_02_2019,updated
Western Med.,ARA,5,2002,60035,374.88,141,0.67183,XSA,https://gfcmsitestorage.blob.core.windows.net/documents/SAC/SAFs/DemersalSpecies/2016/ARA_GSA_05_2016_ESP.pdf,NA,Fmsy,ARA_5_GFCM,0.31,0.87183871,NA,NA,141,611,Aristeus antennatus,Blue and red shrimp,NA,NA,NA,2017,12_02_2019,updated
Western Med.,ARA,5,2003,84624,362.36,115,0.73839,XSA,https://gfcmsitestorage.blob.core.windows.net/documents/SAC/SAFs/DemersalSpecies/2016/ARA_GSA_05_2016_ESP.pdf,NA,Fmsy,ARA_5_GFCM,0.31,0.945096774,NA,NA,115,656,Aristeus antennatus,Blue and red shrimp,NA,NA,NA,2017,12_02_2019,updated
Western Med.,ARA,5,2004,98837,382.43,140,0.72335,XSA,https://gfcmsitestorage.blob.core.windows.net/documents/SAC/SAFs/DemersalSpecies/2016/ARA_GSA_05_2016_ESP.pdf,NA,Fmsy,ARA_5_GFCM,0.31,0.697419355,NA,NA,140,670,Aristeus antennatus,Blue and red shrimp,NA,NA,NA,2017,12_02_2019,updated
Western Med.,ARA,5,2005,86506,439.87,172,1.03873,XSA,https://gfcmsitestorage.blob.core.windows.net/documents/SAC/SAFs/DemersalSpecies/2016/ARA_GSA_05_2016_ESP.pdf,NA,Fmsy,ARA_5_GFCM,0.31,0.75483871,NA,NA,172,775,Aristeus antennatus,Blue and red shrimp,NA,NA,NA,2017,12_02_2019,updated
Western Med.,ARA,5,2006,59273,405.75,164,0.66287,XSA,https://gfcmsitestorage.blob.core.windows.net/documents/SAC/SAFs/DemersalSpecies/2016/ARA_GSA_05_2016_ESP.pdf,NA,Fmsy,ARA_5_GFCM,0.31,1.074806452,NA,NA,164,610,Aristeus antennatus,Blue and red shrimp,NA,NA,NA,2017,12_02_2019,updated
Western Med.,ARA,5,2007,70976,402.79,140,0.66634,XSA,https://gfcmsitestorage.blob.core.windows.net/documents/SAC/SAFs/DemersalSpecies/2016/ARA_GSA_05_2016_ESP.pdf,NA,Fmsy,ARA_5_GFCM,0.31,1.134645161,NA,NA,140,662,Aristeus antennatus,Blue and red shrimp,NA,NA,NA,2017,12_02_2019,updated
Western Med.,ARA,5,2008,64880,361.59,143,0.78167,XSA,https://gfcmsitestorage.blob.core.windows.net/documents/SAC/SAFs/DemersalSpecies/2016/ARA_GSA_05_2016_ESP.pdf,NA,Fmsy,ARA_5_GFCM,0.31,0.897548387,NA,NA,143,611,Aristeus antennatus,Blue and red shrimp,NA,NA,NA,2017,12_02_2019,updated
Western Med.,ARA,5,2009,75426,344.14,135,0.79254,XSA,https://gfcmsitestorage.blob.core.windows.net/documents/SAC/SAFs/DemersalSpecies/2016/ARA_GSA_05_2016_ESP.pdf,NA,Fmsy,ARA_5_GFCM,0.31,1.03916129,NA,NA,135,571,Aristeus antennatus,Blue and red shrimp,NA,NA,NA,2017,12_02_2019,updated
Western Med.,ARA,5,2010,70392,341.61,164,0.85031,XSA,https://gfcmsitestorage.blob.core.windows.net/documents/SAC/SAFs/DemersalSpecies/2016/ARA_GSA_05_2016_ESP.pdf,NA,Fmsy,ARA_5_GFCM,0.31,0.816290323,NA,NA,164,569,Aristeus antennatus,Blue and red shrimp,NA,NA,NA,2017,12_02_2019,updated
Western Med.,ARA,5,2011,78276,315.71,129,0.93151,XSA,https://gfcmsitestorage.blob.core.windows.net/documents/SAC/SAFs/DemersalSpecies/2016/ARA_GSA_05_2016_ESP.pdf,NA,Fmsy,ARA_5_GFCM,0.31,1.147645161,NA,NA,129,554,Aristeus antennatus,Blue and red shrimp,NA,NA,NA,2017,12_02_2019,updated
Western Med.,ARA,5,2012,56227,322,137,0.76757,XSA,https://gfcmsitestorage.blob.core.windows.net/documents/SAC/SAFs/DemersalSpecies/2016/ARA_GSA_05_2016_ESP.pdf,NA,Fmsy,ARA_5_GFCM,0.31,0.86983871,NA,NA,137,553,Aristeus antennatus,Blue and red shrimp,NA,NA,NA,2017,12_02_2019,updated
Western Med.,ARA,5,2013,41671,273.32,118,0.74598,XSA,https://gfcmsitestorage.blob.core.windows.net/documents/SAC/SAFs/DemersalSpecies/2016/ARA_GSA_05_2016_ESP.pdf,NA,Fmsy,ARA_5_GFCM,0.31,1.079935484,NA,NA,118,448,Aristeus antennatus,Blue and red shrimp,NA,NA,NA,2017,12_02_2019,updated
Western Med.,ARA,5,2014,43674,246.27,86,0.61635,XSA,https://gfcmsitestorage.blob.core.windows.net/documents/SAC/SAFs/DemersalSpecies/2016/ARA_GSA_05_2016_ESP.pdf,NA,Fmsy,ARA_5_GFCM,0.31,1.218612903,NA,NA,86,413,Aristeus antennatus,Blue and red shrimp,NA,NA,NA,2017,12_02_2019,updated
Western Med.,ARA,5,2015,55974,245.19,86,0.79966,XSA,https://gfcmsitestorage.blob.core.windows.net/documents/SAC/SAFs/DemersalSpecies/2016/ARA_GSA_05_2016_ESP.pdf,NA,Fmsy,ARA_5_GFCM,0.31,0.878032258,NA,NA,86,443,Aristeus antennatus,Blue and red shrimp,NA,NA,NA,2017,12_02_2019,updated
Western Med.,ARA,5,2016,64668,237.17,69,0.45905,XSA,https://gfcmsitestorage.blob.core.windows.net/documents/SAC/SAFs/DemersalSpecies/2016/ARA_GSA_05_2016_ESP.pdf,NA,Fmsy,ARA_5_GFCM,0.31,1.005064516,NA,NA,69,426,Aristeus antennatus,Blue and red shrimp,NA,NA,NA,2017,12_02_2019,updated
Central Med.,DPS,12_13_14_15_16,2007,5500000000,12921,NA,0.99,XSA,https://gfcmsitestorage.blob.core.windows.net/documents/SAC/SAFs/DemersalSpecies/2016/DPS_GSA_12-16_2016_ITA_MLT_TUN.pdf,NA,Fmsy,DPS_12_13_14_GFCM,0.84,1.1785714286,NA,NA,NA,24653,Parapenaeus longirostris,Deep_water rose shrimp,NA,NA,NA,2017,12_02_2019,updated
Central Med.,DPS,12_13_14_15_16,2008,6300000000,13235,NA,1.05,XSA,https://gfcmsitestorage.blob.core.windows.net/documents/SAC/SAFs/DemersalSpecies/2016/DPS_GSA_12-16_2016_ITA_MLT_TUN.pdf,NA,Fmsy,DPS_12_13_14_GFCM,0.84,1.25,NA,NA,NA,26749,Parapenaeus longirostris,Deep_water rose shrimp,NA,NA,NA,2017,12_02_2019,updated
Central Med.,DPS,12_13_14_15_16,2009,6100000000,16386,NA,1.03,XSA,https://gfcmsitestorage.blob.core.windows.net/documents/SAC/SAFs/DemersalSpecies/2016/DPS_GSA_12-16_2016_ITA_MLT_TUN.pdf,NA,Fmsy,DPS_12_13_14_GFCM,0.84,1.2261904762,NA,NA,NA,29569,Parapenaeus longirostris,Deep_water rose shrimp,NA,NA,NA,2017,12_02_2019,updated
Central Med.,DPS,12_13_14_15_16,2010,6300000000,16091,NA,1.18,XSA,https://gfcmsitestorage.blob.core.windows.net/documents/SAC/SAFs/DemersalSpecies/2016/DPS_GSA_12-16_2016_ITA_MLT_TUN.pdf,NA,Fmsy,DPS_12_13_14_GFCM,0.84,1.4047619048,NA,NA,NA,29762,Parapenaeus longirostris,Deep_water rose shrimp,NA,NA,NA,2017,12_02_2019,updated
Central Med.,DPS,12_13_14_15_16,2011,5700000000,15584,NA,1.42,XSA,https://gfcmsitestorage.blob.core.windows.net/documents/SAC/SAFs/DemersalSpecies/2016/DPS_GSA_12-16_2016_ITA_MLT_TUN.pdf,NA,Fmsy,DPS_12_13_14_GFCM,0.84,1.6904761905,NA,NA,NA,27869,Parapenaeus longirostris,Deep_water rose shrimp,NA,NA,NA,2017,12_02_2019,updated
Central Med.,DPS,12_13_14_15_16,2012,5600000000,13824,NA,1.21,XSA,https://gfcmsitestorage.blob.core.windows.net/documents/SAC/SAFs/DemersalSpecies/2016/DPS_GSA_12-16_2016_ITA_MLT_TUN.pdf,NA,Fmsy,DPS_12_13_14_GFCM,0.84,1.4404761905,NA,NA,NA,25920,Parapenaeus longirostris,Deep_water rose shrimp,NA,NA,NA,2017,12_02_2019,updated
Central Med.,DPS,12_13_14_15_16,2013,5200000000,14159,NA,1.75,XSA,https://gfcmsitestorage.blob.core.windows.net/documents/SAC/SAFs/DemersalSpecies/2016/DPS_GSA_12-16_2016_ITA_MLT_TUN.pdf,NA,Fmsy,DPS_12_13_14_GFCM,0.84,2.0833333333,NA,NA,NA,25455,Parapenaeus longirostris,Deep_water rose shrimp,NA,NA,NA,2017,12_02_2019,updated
Central Med.,DPS,12_13_14_15_16,2014,6100000000,12186,NA,1.15,XSA,https://gfcmsitestorage.blob.core.windows.net/documents/SAC/SAFs/DemersalSpecies/2016/DPS_GSA_12-16_2016_ITA_MLT_TUN.pdf,NA,Fmsy,DPS_12_13_14_GFCM,0.84,1.369047619,NA,NA,NA,25320,Parapenaeus longirostris,Deep_water rose shrimp,NA,NA,NA,2017,12_02_2019,updated
Central Med.,DPS,12_13_14_15_16,2015,5600000000,12455,NA,1.54,XSA,https://gfcmsitestorage.blob.core.windows.net/documents/SAC/SAFs/DemersalSpecies/2016/DPS_GSA_12-16_2016_ITA_MLT_TUN.pdf,NA,Fmsy,DPS_12_13_14_GFCM,0.84,1.8333333333,NA,NA,NA,24495,Parapenaeus longirostris,Deep_water rose shrimp,NA,NA,NA,2017,12_02_2019,updated
Central Med.,DPS,12_13_14_15_16,2016,5500000000,12354,NA,1.44,XSA,https://gfcmsitestorage.blob.core.windows.net/documents/SAC/SAFs/DemersalSpecies/2016/DPS_GSA_12-16_2016_ITA_MLT_TUN.pdf,NA,Fmsy,DPS_12_13_14_GFCM,0.84,1.7142857143,NA,NA,NA,24274,Parapenaeus longirostris,Deep_water rose shrimp,NA,NA,NA,2017,12_02_2019,updated
Central Med.,HKE,12_13_14_15_16,2007,195500,3014,NA,1.01,XSA,https://gfcmsitestorage.blob.core.windows.net/documents/SAC/SAFs/DemersalSpecies/2017/HKE_GSA_12-16_2017_ITA_MLT_TUN.pdf,NA,Fmsy,HKE_12_13_14_15_16_GFCM,0.2,5.05,NA,NA,NA,NA,Merluccius merluccius,European hake,NA,NA,NA,2018,10_01_2020,updated
Central Med.,HKE,12_13_14_15_16,2008,232700,3076,NA,0.87,XSA,https://gfcmsitestorage.blob.core.windows.net/documents/SAC/SAFs/DemersalSpecies/2017/HKE_GSA_12-16_2017_ITA_MLT_TUN.pdf,NA,Fmsy,HKE_12_13_14_15_16_GFCM,0.2,4.35,NA,NA,NA,NA,Merluccius merluccius,European hake,NA,NA,NA,2018,10_01_2020,updated
Central Med.,HKE,12_13_14_15_16,2009,179600,3080,NA,0.99,XSA,https://gfcmsitestorage.blob.core.windows.net/documents/SAC/SAFs/DemersalSpecies/2017/HKE_GSA_12-16_2017_ITA_MLT_TUN.pdf,NA,Fmsy,HKE_12_13_14_15_16_GFCM,0.2,4.95,NA,NA,NA,NA,Merluccius merluccius,European hake,NA,NA,NA,2018,10_01_2020,updated
Central Med.,HKE,12_13_14_15_16,2010,211400,3221,NA,1.09,XSA,https://gfcmsitestorage.blob.core.windows.net/documents/SAC/SAFs/DemersalSpecies/2017/HKE_GSA_12-16_2017_ITA_MLT_TUN.pdf,NA,Fmsy,HKE_12_13_14_15_16_GFCM,0.2,5.45,NA,NA,NA,NA,Merluccius merluccius,European hake,NA,NA,NA,2018,10_01_2020,updated
Central Med.,HKE,12_13_14_15_16,2011,194100,2679,NA,0.73,XSA,https://gfcmsitestorage.blob.core.windows.net/documents/SAC/SAFs/DemersalSpecies/2017/HKE_GSA_12-16_2017_ITA_MLT_TUN.pdf,NA,Fmsy,HKE_12_13_14_15_16_GFCM,0.2,3.65,NA,NA,NA,NA,Merluccius merluccius,European hake,NA,NA,NA,2018,10_01_2020,updated
Central Med.,HKE,12_13_14_15_16,2012,199800,3720,NA,0.86,XSA,https://gfcmsitestorage.blob.core.windows.net/documents/SAC/SAFs/DemersalSpecies/2017/HKE_GSA_12-16_2017_ITA_MLT_TUN.pdf,NA,Fmsy,HKE_12_13_14_15_16_GFCM,0.2,4.3,NA,NA,NA,NA,Merluccius merluccius,European hake,NA,NA,NA,2018,10_01_2020,updated
Central Med.,HKE,12_13_14_15_16,2013,187800,4456,NA,0.75,XSA,https://gfcmsitestorage.blob.core.windows.net/documents/SAC/SAFs/DemersalSpecies/2017/HKE_GSA_12-16_2017_ITA_MLT_TUN.pdf,NA,Fmsy,HKE_12_13_14_15_16_GFCM,0.2,3.75,NA,NA,NA,NA,Merluccius merluccius,European hake,NA,NA,NA,2018,10_01_2020,updated
Central Med.,HKE,12_13_14_15_16,2014,163800,5270,NA,0.84,XSA,https://gfcmsitestorage.blob.core.windows.net/documents/SAC/SAFs/DemersalSpecies/2017/HKE_GSA_12-16_2017_ITA_MLT_TUN.pdf,NA,Fmsy,HKE_12_13_14_15_16_GFCM,0.2,4.2,NA,NA,NA,NA,Merluccius merluccius,European hake,NA,NA,NA,2018,10_01_2020,updated
Central Med.,HKE,12_13_14_15_16,2015,167000,5439,NA,0.88,XSA,https://gfcmsitestorage.blob.core.windows.net/documents/SAC/SAFs/DemersalSpecies/2017/HKE_GSA_12-16_2017_ITA_MLT_TUN.pdf,NA,Fmsy,HKE_12_13_14_15_16_GFCM,0.2,4.4,NA,NA,NA,NA,Merluccius merluccius,European hake,NA,NA,NA,2018,10_01_2020,updated
Central Med.,HKE,12_13_14_15_16,2016,208800,2842,NA,1,XSA,https://gfcmsitestorage.blob.core.windows.net/documents/SAC/SAFs/DemersalSpecies/2017/HKE_GSA_12-16_2017_ITA_MLT_TUN.pdf,NA,Fmsy,HKE_12_13_14_15_16_GFCM,0.2,5,NA,NA,NA,NA,Merluccius merluccius,European hake,NA,NA,NA,2018,10_01_2020,updated
Central Med.,HKE,12_13_14_15_16,2017,187700,2622,NA,0.85,XSA,https://gfcmsitestorage.blob.core.windows.net/documents/SAC/SAFs/DemersalSpecies/2017/HKE_GSA_12-16_2017_ITA_MLT_TUN.pdf,NA,Fmsy,HKE_12_13_14_15_16_GFCM,0.2,4.25,NA,NA,NA,NA,Merluccius merluccius,European hake,NA,NA,NA,2018,10_01_2020,updated
Central Med.,MUT,15,2009,2968370,45,NA,0.38,XSA,https://gfcmsitestorage.blob.core.windows.net/documents/SAC/SAFs/DemersalSpecies/2017/MUT_GSA_15_2017_MLT.pdf,NA,Fmsy,MUT_15,0.4,2.125,NA,NA,NA,NA,Mullus barbatus,Red mullet,NA,NA,NA,2018,10_01_2020,updated
Central Med.,MUT,15,2010,4835520,55,NA,0.41,XSA,https://gfcmsitestorage.blob.core.windows.net/documents/SAC/SAFs/DemersalSpecies/2017/MUT_GSA_15_2017_MLT.pdf,NA,Fmsy,MUT_15,0.4,0.95,NA,NA,NA,NA,Mullus barbatus,Red mullet,NA,NA,NA,2018,10_01_2020,updated
Central Med.,MUT,15,2011,6535770,85,NA,0.35,XSA,https://gfcmsitestorage.blob.core.windows.net/documents/SAC/SAFs/DemersalSpecies/2017/MUT_GSA_15_2017_MLT.pdf,NA,Fmsy,MUT_15,0.4,1.025,NA,NA,NA,NA,Mullus barbatus,Red mullet,NA,NA,NA,2018,10_01_2020,updated
Central Med.,MUT,15,2012,2028100,121,NA,0.4,XSA,https://gfcmsitestorage.blob.core.windows.net/documents/SAC/SAFs/DemersalSpecies/2017/MUT_GSA_15_2017_MLT.pdf,NA,Fmsy,MUT_15,0.4,0.875,NA,NA,NA,NA,Mullus barbatus,Red mullet,NA,NA,NA,2018,10_01_2020,updated
Central Med.,MUT,15,2013,1996440,93,NA,0.76,XSA,https://gfcmsitestorage.blob.core.windows.net/documents/SAC/SAFs/DemersalSpecies/2017/MUT_GSA_15_2017_MLT.pdf,NA,Fmsy,MUT_15,0.4,1,NA,NA,NA,NA,Mullus barbatus,Red mullet,NA,NA,NA,2018,10_01_2020,updated
Central Med.,MUT,15,2014,1475050,54,NA,0.19,XSA,https://gfcmsitestorage.blob.core.windows.net/documents/SAC/SAFs/DemersalSpecies/2017/MUT_GSA_15_2017_MLT.pdf,NA,Fmsy,MUT_15,0.4,1.9,NA,NA,NA,NA,Mullus barbatus,Red mullet,NA,NA,NA,2018,10_01_2020,updated
Central Med.,MUT,15,2015,1117680,41,NA,0.38,XSA,https://gfcmsitestorage.blob.core.windows.net/documents/SAC/SAFs/DemersalSpecies/2017/MUT_GSA_15_2017_MLT.pdf,NA,Fmsy,MUT_15,0.4,0.475,NA,NA,NA,NA,Mullus barbatus,Red mullet,NA,NA,NA,2018,10_01_2020,updated
Central Med.,MUT,15,2016,920080,37,NA,0.44,XSA,https://gfcmsitestorage.blob.core.windows.net/documents/SAC/SAFs/DemersalSpecies/2017/MUT_GSA_15_2017_MLT.pdf,NA,Fmsy,MUT_15,0.4,0.95,NA,NA,NA,NA,Mullus barbatus,Red mullet,NA,NA,NA,2018,10_01_2020,updated
Central Med.,MUT,15,2017,2062320,22,NA,0.52,XSA,https://gfcmsitestorage.blob.core.windows.net/documents/SAC/SAFs/DemersalSpecies/2017/MUT_GSA_15_2017_MLT.pdf,NA,Fmsy,MUT_15,0.4,1.1,NA,NA,NA,NA,Mullus barbatus,Red mullet,NA,NA,NA,2018,10_01_2020,updated
Central Med.,PIL,17_18,1975,37393221,566935,33887,0.09,SAM,https://gfcmsitestorage.blob.core.windows.net/documents/SAC/SAFs/SmallPelagics/2016/PIL_GSA_17-18_2016_ALB_DZA_HRV_ITA_MNE_SVN.pdf,GFCM_WGSASP_2017,E0.4,PIL_17_18_WGSASP2017,0.47,0.1914893617,NA,NA,33887,829020,Sardina pilchardus,Sardine,NA,NA,NA,2017,24_01_2019,updated
Central Med.,PIL,17_18,1976,38339835,589482,46985,0.11,SAM,https://gfcmsitestorage.blob.core.windows.net/documents/SAC/SAFs/SmallPelagics/2016/PIL_GSA_17-18_2016_ALB_DZA_HRV_ITA_MNE_SVN.pdf,GFCM_WGSASP_2017,E0.4,PIL_17_18_WGSASP2017,0.47,0.2340425532,NA,NA,46985,869784,Sardina pilchardus,Sardine,NA,NA,NA,2017,24_01_2019,updated
Central Med.,PIL,17_18,1977,37655892,606828,54576,0.13,SAM,https://gfcmsitestorage.blob.core.windows.net/documents/SAC/SAFs/SmallPelagics/2016/PIL_GSA_17-18_2016_ALB_DZA_HRV_ITA_MNE_SVN.pdf,GFCM_WGSASP_2017,E0.4,PIL_17_18_WGSASP2017,0.47,0.2765957447,NA,NA,54576,882046,Sardina pilchardus,Sardine,NA,NA,NA,2017,24_01_2019,updated
Central Med.,PIL,17_18,1978,40669948,561294,44820,0.11,SAM,https://gfcmsitestorage.blob.core.windows.net/documents/SAC/SAFs/SmallPelagics/2016/PIL_GSA_17-18_2016_ALB_DZA_HRV_ITA_MNE_SVN.pdf,GFCM_WGSASP_2017,E0.4,PIL_17_18_WGSASP2017,0.47,0.2340425532,NA,NA,44820,861991,Sardina pilchardus,Sardine,NA,NA,NA,2017,24_01_2019,updated
Central Med.,PIL,17_18,1979,45993011,585956,41362,0.1,SAM,https://gfcmsitestorage.blob.core.windows.net/documents/SAC/SAFs/SmallPelagics/2016/PIL_GSA_17-18_2016_ALB_DZA_HRV_ITA_MNE_SVN.pdf,GFCM_WGSASP_2017,E0.4,PIL_17_18_WGSASP2017,0.47,0.2127659574,NA,NA,41362,908000,Sardina pilchardus,Sardine,NA,NA,NA,2017,24_01_2019,updated
Central Med.,PIL,17_18,1980,51238410,637303,48593,0.11,SAM,https://gfcmsitestorage.blob.core.windows.net/documents/SAC/SAFs/SmallPelagics/2016/PIL_GSA_17-18_2016_ALB_DZA_HRV_ITA_MNE_SVN.pdf,GFCM_WGSASP_2017,E0.4,PIL_17_18_WGSASP2017,0.47,0.2340425532,NA,NA,48593,1011556,Sardina pilchardus,Sardine,NA,NA,NA,2017,24_01_2019,updated
Central Med.,PIL,17_18,1981,54843816,741181,93559,0.21,SAM,https://gfcmsitestorage.blob.core.windows.net/documents/SAC/SAFs/SmallPelagics/2016/PIL_GSA_17-18_2016_ALB_DZA_HRV_ITA_MNE_SVN.pdf,GFCM_WGSASP_2017,E0.4,PIL_17_18_WGSASP2017,0.47,0.4468085106,NA,NA,93559,1141667,Sardina pilchardus,Sardine,NA,NA,NA,2017,24_01_2019,updated
Central Med.,PIL,17_18,1982,53169740,762990,84688,0.2,SAM,https://gfcmsitestorage.blob.core.windows.net/documents/SAC/SAFs/SmallPelagics/2016/PIL_GSA_17-18_2016_ALB_DZA_HRV_ITA_MNE_SVN.pdf,GFCM_WGSASP_2017,E0.4,PIL_17_18_WGSASP2017,0.47,0.4255319149,NA,NA,84688,1156606,Sardina pilchardus,Sardine,NA,NA,NA,2017,24_01_2019,updated
Central Med.,PIL,17_18,1983,41741233,753135,83927,0.18,SAM,https://gfcmsitestorage.blob.core.windows.net/documents/SAC/SAFs/SmallPelagics/2016/PIL_GSA_17-18_2016_ALB_DZA_HRV_ITA_MNE_SVN.pdf,GFCM_WGSASP_2017,E0.4,PIL_17_18_WGSASP2017,0.47,0.3829787234,NA,NA,83927,1053891,Sardina pilchardus,Sardine,NA,NA,NA,2017,24_01_2019,updated
Central Med.,PIL,17_18,1984,32999402,709276,92724,0.19,SAM,https://gfcmsitestorage.blob.core.windows.net/documents/SAC/SAFs/SmallPelagics/2016/PIL_GSA_17-18_2016_ALB_DZA_HRV_ITA_MNE_SVN.pdf,GFCM_WGSASP_2017,E0.4,PIL_17_18_WGSASP2017,0.47,0.4042553191,NA,NA,92724,949794,Sardina pilchardus,Sardine,NA,NA,NA,2017,24_01_2019,updated
Central Med.,PIL,17_18,1985,30768439,584201,75521,0.17,SAM,https://gfcmsitestorage.blob.core.windows.net/documents/SAC/SAFs/SmallPelagics/2016/PIL_GSA_17-18_2016_ALB_DZA_HRV_ITA_MNE_SVN.pdf,GFCM_WGSASP_2017,E0.4,PIL_17_18_WGSASP2017,0.47,0.3617021277,NA,NA,75521,799706,Sardina pilchardus,Sardine,NA,NA,NA,2017,24_01_2019,updated
Central Med.,PIL,17_18,1986,33733434,505347,79547,0.21,SAM,https://gfcmsitestorage.blob.core.windows.net/documents/SAC/SAFs/SmallPelagics/2016/PIL_GSA_17-18_2016_ALB_DZA_HRV_ITA_MNE_SVN.pdf,GFCM_WGSASP_2017,E0.4,PIL_17_18_WGSASP2017,0.47,0.4468085106,NA,NA,79547,795718,Sardina pilchardus,Sardine,NA,NA,NA,2017,24_01_2019,updated
Central Med.,PIL,17_18,1987,38763902,451351,73428,0.25,SAM,https://gfcmsitestorage.blob.core.windows.net/documents/SAC/SAFs/SmallPelagics/2016/PIL_GSA_17-18_2016_ALB_DZA_HRV_ITA_MNE_SVN.pdf,GFCM_WGSASP_2017,E0.4,PIL_17_18_WGSASP2017,0.47,0.5319148936,NA,NA,73428,738222,Sardina pilchardus,Sardine,NA,NA,NA,2017,24_01_2019,updated
Central Med.,PIL,17_18,1988,39864629,476394,68191,0.27,SAM,https://gfcmsitestorage.blob.core.windows.net/documents/SAC/SAFs/SmallPelagics/2016/PIL_GSA_17-18_2016_ALB_DZA_HRV_ITA_MNE_SVN.pdf,GFCM_WGSASP_2017,E0.4,PIL_17_18_WGSASP2017,0.47,0.5744680851,NA,NA,68191,759184,Sardina pilchardus,Sardine,NA,NA,NA,2017,24_01_2019,updated
Central Med.,PIL,17_18,1989,37095269,499319,71098,0.29,SAM,https://gfcmsitestorage.blob.core.windows.net/documents/SAC/SAFs/SmallPelagics/2016/PIL_GSA_17-18_2016_ALB_DZA_HRV_ITA_MNE_SVN.pdf,GFCM_WGSASP_2017,E0.4,PIL_17_18_WGSASP2017,0.47,0.6170212766,NA,NA,71098,759184,Sardina pilchardus,Sardine,NA,NA,NA,2017,24_01_2019,updated
Central Med.,PIL,17_18,1990,32736460,489921,61882,0.24,SAM,https://gfcmsitestorage.blob.core.windows.net/documents/SAC/SAFs/SmallPelagics/2016/PIL_GSA_17-18_2016_ALB_DZA_HRV_ITA_MNE_SVN.pdf,GFCM_WGSASP_2017,E0.4,PIL_17_18_WGSASP2017,0.47,0.5106382979,NA,NA,61882,718557,Sardina pilchardus,Sardine,NA,NA,NA,2017,24_01_2019,updated
Central Med.,PIL,17_18,1991,29769651,468832,54138,0.2,SAM,https://gfcmsitestorage.blob.core.windows.net/documents/SAC/SAFs/SmallPelagics/2016/PIL_GSA_17-18_2016_ALB_DZA_HRV_ITA_MNE_SVN.pdf,GFCM_WGSASP_2017,E0.4,PIL_17_18_WGSASP2017,0.47,0.4255319149,NA,NA,54138,677388,Sardina pilchardus,Sardine,NA,NA,NA,2017,24_01_2019,updated
Central Med.,PIL,17_18,1992,26695351,438888,40050,0.14,SAM,https://gfcmsitestorage.blob.core.windows.net/documents/SAC/SAFs/SmallPelagics/2016/PIL_GSA_17-18_2016_ALB_DZA_HRV_ITA_MNE_SVN.pdf,GFCM_WGSASP_2017,E0.4,PIL_17_18_WGSASP2017,0.47,0.2978723404,NA,NA,40050,625308,Sardina pilchardus,Sardine,NA,NA,NA,2017,24_01_2019,updated
Central Med.,PIL,17_18,1993,20645336,435827,45885,0.16,SAM,https://gfcmsitestorage.blob.core.windows.net/documents/SAC/SAFs/SmallPelagics/2016/PIL_GSA_17-18_2016_ALB_DZA_HRV_ITA_MNE_SVN.pdf,GFCM_WGSASP_2017,E0.4,PIL_17_18_WGSASP2017,0.47,0.3404255319,NA,NA,45885,580706,Sardina pilchardus,Sardine,NA,NA,NA,2017,24_01_2019,updated
Central Med.,PIL,17_18,1994,18201235,386930,39143,0.14,SAM,https://gfcmsitestorage.blob.core.windows.net/documents/SAC/SAFs/SmallPelagics/2016/PIL_GSA_17-18_2016_ALB_DZA_HRV_ITA_MNE_SVN.pdf,GFCM_WGSASP_2017,E0.4,PIL_17_18_WGSASP2017,0.47,0.2978723404,NA,NA,39143,514525,Sardina pilchardus,Sardine,NA,NA,NA,2017,24_01_2019,updated
Central Med.,PIL,17_18,1995,15263883,332369,41129,0.16,SAM,https://gfcmsitestorage.blob.core.windows.net/documents/SAC/SAFs/SmallPelagics/2016/PIL_GSA_17-18_2016_ALB_DZA_HRV_ITA_MNE_SVN.pdf,GFCM_WGSASP_2017,E0.4,PIL_17_18_WGSASP2017,0.47,0.3404255319,NA,NA,41129,439327,Sardina pilchardus,Sardine,NA,NA,NA,2017,24_01_2019,updated
Central Med.,PIL,17_18,1996,12942150,281813,44310,0.22,SAM,https://gfcmsitestorage.blob.core.windows.net/documents/SAC/SAFs/SmallPelagics/2016/PIL_GSA_17-18_2016_ALB_DZA_HRV_ITA_MNE_SVN.pdf,GFCM_WGSASP_2017,E0.4,PIL_17_18_WGSASP2017,0.47,0.4680851064,NA,NA,44310,373622,Sardina pilchardus,Sardine,NA,NA,NA,2017,24_01_2019,updated
Central Med.,PIL,17_18,1997,10501199,242316,38522,0.24,SAM,https://gfcmsitestorage.blob.core.windows.net/documents/SAC/SAFs/SmallPelagics/2016/PIL_GSA_17-18_2016_ALB_DZA_HRV_ITA_MNE_SVN.pdf,GFCM_WGSASP_2017,E0.4,PIL_17_18_WGSASP2017,0.47,0.5106382979,NA,NA,38522,320296,Sardina pilchardus,Sardine,NA,NA,NA,2017,24_01_2019,updated
Central Med.,PIL,17_18,1998,9889657,181317,36139,0.29,SAM,https://gfcmsitestorage.blob.core.windows.net/documents/SAC/SAFs/SmallPelagics/2016/PIL_GSA_17-18_2016_ALB_DZA_HRV_ITA_MNE_SVN.pdf,GFCM_WGSASP_2017,E0.4,PIL_17_18_WGSASP2017,0.47,0.6170212766,NA,NA,36139,250446,Sardina pilchardus,Sardine,NA,NA,NA,2017,24_01_2019,updated
Central Med.,PIL,17_18,1999,9820671,163898,27949,0.32,SAM,https://gfcmsitestorage.blob.core.windows.net/documents/SAC/SAFs/SmallPelagics/2016/PIL_GSA_17-18_2016_ALB_DZA_HRV_ITA_MNE_SVN.pdf,GFCM_WGSASP_2017,E0.4,PIL_17_18_WGSASP2017,0.47,0.6808510638,NA,NA,27949,250446,Sardina pilchardus,Sardine,NA,NA,NA,2017,24_01_2019,updated
Central Med.,PIL,17_18,2000,10659904,127389,26107,0.42,SAM,https://gfcmsitestorage.blob.core.windows.net/documents/SAC/SAFs/SmallPelagics/2016/PIL_GSA_17-18_2016_ALB_DZA_HRV_ITA_MNE_SVN.pdf,GFCM_WGSASP_2017,E0.4,PIL_17_18_WGSASP2017,0.47,0.8936170213,NA,NA,26107,196614,Sardina pilchardus,Sardine,NA,NA,NA,2017,24_01_2019,updated
Central Med.,PIL,17_18,2001,12385042,121176,24138,0.45,SAM,https://gfcmsitestorage.blob.core.windows.net/documents/SAC/SAFs/SmallPelagics/2016/PIL_GSA_17-18_2016_ALB_DZA_HRV_ITA_MNE_SVN.pdf,GFCM_WGSASP_2017,E0.4,PIL_17_18_WGSASP2017,0.47,0.9574468085,NA,NA,24138,226387,Sardina pilchardus,Sardine,NA,NA,NA,2017,24_01_2019,updated
Central Med.,PIL,17_18,2002,12800567,132191,24101,0.45,SAM,https://gfcmsitestorage.blob.core.windows.net/documents/SAC/SAFs/SmallPelagics/2016/PIL_GSA_17-18_2016_ALB_DZA_HRV_ITA_MNE_SVN.pdf,GFCM_WGSASP_2017,E0.4,PIL_17_18_WGSASP2017,0.47,0.9574468085,NA,NA,24101,256273,Sardina pilchardus,Sardine,NA,NA,NA,2017,24_01_2019,updated
Central Med.,PIL,17_18,2003,11570855,139804,21620,0.39,SAM,https://gfcmsitestorage.blob.core.windows.net/documents/SAC/SAFs/SmallPelagics/2016/PIL_GSA_17-18_2016_ALB_DZA_HRV_ITA_MNE_SVN.pdf,GFCM_WGSASP_2017,E0.4,PIL_17_18_WGSASP2017,0.47,0.829787234,NA,NA,21620,226613,Sardina pilchardus,Sardine,NA,NA,NA,2017,24_01_2019,updated
Central Med.,PIL,17_18,2004,11398587,141775,26930,0.41,SAM,https://gfcmsitestorage.blob.core.windows.net/documents/SAC/SAFs/SmallPelagics/2016/PIL_GSA_17-18_2016_ALB_DZA_HRV_ITA_MNE_SVN.pdf,GFCM_WGSASP_2017,E0.4,PIL_17_18_WGSASP2017,0.47,0.8723404255,NA,NA,26930,231886,Sardina pilchardus,Sardine,NA,NA,NA,2017,24_01_2019,updated
Central Med.,PIL,17_18,2005,11432835,128027,20907,0.35,SAM,https://gfcmsitestorage.blob.core.windows.net/documents/SAC/SAFs/SmallPelagics/2016/PIL_GSA_17-18_2016_ALB_DZA_HRV_ITA_MNE_SVN.pdf,GFCM_WGSASP_2017,E0.4,PIL_17_18_WGSASP2017,0.47,0.7446808511,NA,NA,20907,197798,Sardina pilchardus,Sardine,NA,NA,NA,2017,24_01_2019,updated
Central Med.,PIL,17_18,2006,11617231,139804,20475,0.34,SAM,https://gfcmsitestorage.blob.core.windows.net/documents/SAC/SAFs/SmallPelagics/2016/PIL_GSA_17-18_2016_ALB_DZA_HRV_ITA_MNE_SVN.pdf,GFCM_WGSASP_2017,E0.4,PIL_17_18_WGSASP2017,0.47,0.7234042553,NA,NA,20475,264078,Sardina pilchardus,Sardine,NA,NA,NA,2017,24_01_2019,updated
Central Med.,PIL,17_18,2007,13203599,139665,21984,0.33,SAM,https://gfcmsitestorage.blob.core.windows.net/documents/SAC/SAFs/SmallPelagics/2016/PIL_GSA_17-18_2016_ALB_DZA_HRV_ITA_MNE_SVN.pdf,GFCM_WGSASP_2017,E0.4,PIL_17_18_WGSASP2017,0.47,0.7021276596,NA,NA,21984,292728,Sardina pilchardus,Sardine,NA,NA,NA,2017,24_01_2019,updated
Central Med.,PIL,17_18,2008,14048132,151297,27584,0.36,SAM,https://gfcmsitestorage.blob.core.windows.net/documents/SAC/SAFs/SmallPelagics/2016/PIL_GSA_17-18_2016_ALB_DZA_HRV_ITA_MNE_SVN.pdf,GFCM_WGSASP_2017,E0.4,PIL_17_18_WGSASP2017,0.47,0.7659574468,NA,NA,27584,350810,Sardina pilchardus,Sardine,NA,NA,NA,2017,24_01_2019,updated
Central Med.,PIL,17_18,2009,14768395,152207,34164,0.57,SAM,https://gfcmsitestorage.blob.core.windows.net/documents/SAC/SAFs/SmallPelagics/2016/PIL_GSA_17-18_2016_ALB_DZA_HRV_ITA_MNE_SVN.pdf,GFCM_WGSASP_2017,E0.4,PIL_17_18_WGSASP2017,0.47,1.2127659574,NA,NA,34164,279288,Sardina pilchardus,Sardine,NA,NA,NA,2017,24_01_2019,updated
Central Med.,PIL,17_18,2010,16110793,148747,34214,0.51,SAM,https://gfcmsitestorage.blob.core.windows.net/documents/SAC/SAFs/SmallPelagics/2016/PIL_GSA_17-18_2016_ALB_DZA_HRV_ITA_MNE_SVN.pdf,GFCM_WGSASP_2017,E0.4,PIL_17_18_WGSASP2017,0.47,1.085106383,NA,NA,34214,314582,Sardina pilchardus,Sardine,NA,NA,NA,2017,24_01_2019,updated
Central Med.,PIL,17_18,2011,19077115,158103,54816,0.91,SAM,https://gfcmsitestorage.blob.core.windows.net/documents/SAC/SAFs/SmallPelagics/2016/PIL_GSA_17-18_2016_ALB_DZA_HRV_ITA_MNE_SVN.pdf,GFCM_WGSASP_2017,E0.4,PIL_17_18_WGSASP2017,0.47,1.9361702128,NA,NA,54816,371759,Sardina pilchardus,Sardine,NA,NA,NA,2017,24_01_2019,updated
Central Med.,PIL,17_18,2012,22342472,161781,58733,1.01,SAM,https://gfcmsitestorage.blob.core.windows.net/documents/SAC/SAFs/SmallPelagics/2016/PIL_GSA_17-18_2016_ALB_DZA_HRV_ITA_MNE_SVN.pdf,GFCM_WGSASP_2017,E0.4,PIL_17_18_WGSASP2017,0.47,2.1489361702,NA,NA,58733,405145,Sardina pilchardus,Sardine,NA,NA,NA,2017,24_01_2019,updated
Central Med.,PIL,17_18,2013,24058526,184610,71643,1.17,SAM,https://gfcmsitestorage.blob.core.windows.net/documents/SAC/SAFs/SmallPelagics/2016/PIL_GSA_17-18_2016_ALB_DZA_HRV_ITA_MNE_SVN.pdf,GFCM_WGSASP_2017,E0.4,PIL_17_18_WGSASP2017,0.47,2.4893617021,NA,NA,71643,441971,Sardina pilchardus,Sardine,NA,NA,NA,2017,24_01_2019,updated
Central Med.,PIL,17_18,2014,20999307,203414,82539,1.68,SAM,https://gfcmsitestorage.blob.core.windows.net/documents/SAC/SAFs/SmallPelagics/2016/PIL_GSA_17-18_2016_ALB_DZA_HRV_ITA_MNE_SVN.pdf,GFCM_WGSASP_2017,E0.4,PIL_17_18_WGSASP2017,0.47,3.5744680851,NA,NA,82539,438888,Sardina pilchardus,Sardine,NA,NA,NA,2017,24_01_2019,updated
Central Med.,PIL,17_18,2015,21943905,173165,78012,1.4,SAM,https://gfcmsitestorage.blob.core.windows.net/documents/SAC/SAFs/SmallPelagics/2016/PIL_GSA_17-18_2016_ALB_DZA_HRV_ITA_MNE_SVN.pdf,GFCM_WGSASP_2017,E0.4,PIL_17_18_WGSASP2017,0.47,2.9787234043,NA,NA,78012,480220,Sardina pilchardus,Sardine,NA,NA,NA,2017,24_01_2019,updated
Central Med.,PIL,17_18,2016,24791217,161297,79405,1.3,SAM,https://gfcmsitestorage.blob.core.windows.net/documents/SAC/SAFs/SmallPelagics/2016/PIL_GSA_17-18_2016_ALB_DZA_HRV_ITA_MNE_SVN.pdf,GFCM_WGSASP_2017,E0.4,PIL_17_18_WGSASP2017,0.47,2.7659574468,NA,NA,79405,495836,Sardina pilchardus,Sardine,NA,NA,NA,2017,24_01_2019,updated
Central Med.,MUT,16,2006,291219,3125,NA,0.41,XSA,https://gfcmsitestorage.blob.core.windows.net/documents/SAC/SAFs/DemersalSpecies/2017/MUT_GSA_16_2017_ITA.pdf,NA,Fmsy,MUT_16,0.4,1.025,NA,NA,NA,NA,Mullus barbatus,Red mullet,NA,NA,NA,2018,10_01_2020,updated
Central Med.,MUT,16,2007,253985,2839,NA,0.68,XSA,https://gfcmsitestorage.blob.core.windows.net/documents/SAC/SAFs/DemersalSpecies/2017/MUT_GSA_16_2017_ITA.pdf,NA,Fmsy,MUT_16,0.4,1.7,NA,NA,NA,NA,Mullus barbatus,Red mullet,NA,NA,NA,2018,10_01_2020,updated
Central Med.,MUT,16,2008,205123,2175,NA,0.79,XSA,https://gfcmsitestorage.blob.core.windows.net/documents/SAC/SAFs/DemersalSpecies/2017/MUT_GSA_16_2017_ITA.pdf,NA,Fmsy,MUT_16,0.4,1.975,NA,NA,NA,NA,Mullus barbatus,Red mullet,NA,NA,NA,2018,10_01_2020,updated
Central Med.,MUT,16,2009,243143,1831,NA,0.67,XSA,https://gfcmsitestorage.blob.core.windows.net/documents/SAC/SAFs/DemersalSpecies/2017/MUT_GSA_16_2017_ITA.pdf,NA,Fmsy,MUT_16,0.4,1.675,NA,NA,NA,NA,Mullus barbatus,Red mullet,NA,NA,NA,2018,10_01_2020,updated
Central Med.,MUT,16,2010,184632,1907,NA,0.63,XSA,https://gfcmsitestorage.blob.core.windows.net/documents/SAC/SAFs/DemersalSpecies/2017/MUT_GSA_16_2017_ITA.pdf,NA,Fmsy,MUT_16,0.4,1.575,NA,NA,NA,NA,Mullus barbatus,Red mullet,NA,NA,NA,2018,10_01_2020,updated
Central Med.,MUT,16,2011,182136,1909,NA,0.54,XSA,https://gfcmsitestorage.blob.core.windows.net/documents/SAC/SAFs/DemersalSpecies/2017/MUT_GSA_16_2017_ITA.pdf,NA,Fmsy,MUT_16,0.4,1.35,NA,NA,NA,NA,Mullus barbatus,Red mullet,NA,NA,NA,2018,10_01_2020,updated
Central Med.,MUT,16,2012,147502,1824,NA,0.62,XSA,https://gfcmsitestorage.blob.core.windows.net/documents/SAC/SAFs/DemersalSpecies/2017/MUT_GSA_16_2017_ITA.pdf,NA,Fmsy,MUT_16,0.4,1.55,NA,NA,NA,NA,Mullus barbatus,Red mullet,NA,NA,NA,2018,10_01_2020,updated
Central Med.,MUT,16,2013,197118,1631,NA,0.43,XSA,https://gfcmsitestorage.blob.core.windows.net/documents/SAC/SAFs/DemersalSpecies/2017/MUT_GSA_16_2017_ITA.pdf,NA,Fmsy,MUT_16,0.4,1.075,NA,NA,NA,NA,Mullus barbatus,Red mullet,NA,NA,NA,2018,10_01_2020,updated
Central Med.,MUT,16,2014,160079,1939,NA,0.44,XSA,https://gfcmsitestorage.blob.core.windows.net/documents/SAC/SAFs/DemersalSpecies/2017/MUT_GSA_16_2017_ITA.pdf,NA,Fmsy,MUT_16,0.4,1.1,NA,NA,NA,NA,Mullus barbatus,Red mullet,NA,NA,NA,2018,10_01_2020,updated
Central Med.,MUT,16,2015,179302,1848,NA,0.45,XSA,https://gfcmsitestorage.blob.core.windows.net/documents/SAC/SAFs/DemersalSpecies/2017/MUT_GSA_16_2017_ITA.pdf,NA,Fmsy,MUT_16,0.4,1.125,NA,NA,NA,NA,Mullus barbatus,Red mullet,NA,NA,NA,2018,10_01_2020,updated
Central Med.,MUT,16,2016,230474,2149,NA,0.36,XSA,https://gfcmsitestorage.blob.core.windows.net/documents/SAC/SAFs/DemersalSpecies/2017/MUT_GSA_16_2017_ITA.pdf,NA,Fmsy,MUT_16,0.4,0.9,NA,NA,NA,NA,Mullus barbatus,Red mullet,NA,NA,NA,2018,10_01_2020,updated
Central Med.,MUT,16,2017,206285,2478,NA,0.41,XSA,https://gfcmsitestorage.blob.core.windows.net/documents/SAC/SAFs/DemersalSpecies/2017/MUT_GSA_16_2017_ITA.pdf,NA,Fmsy,MUT_16,0.4,1.025,NA,NA,NA,NA,Mullus barbatus,Red mullet,NA,NA,NA,2018,10_01_2020,updated
Western Med.,NEP,5,2009,1923,37,11,0.18,a4a,https://gfcmsitestorage.blob.core.windows.net/documents/SAC/SAFs/DemersalSpecies/2017/NEP_GSA_05_2017_ESP.pdf,NA,Fmsy,NEP_5,0.096,1.875,NA,NA,NA,NA,Nephrops norvegicus,Norway lobster,NA,NA,NA,2018,10_01_2020,updated
Western Med.,NEP,5,2010,2061,43,16,0.23,a4a,https://gfcmsitestorage.blob.core.windows.net/documents/SAC/SAFs/DemersalSpecies/2017/NEP_GSA_05_2017_ESP.pdf,NA,Fmsy,NEP_5,0.096,2.39583333333333,NA,NA,NA,NA,Nephrops norvegicus,Norway lobster,NA,NA,NA,2018,10_01_2020,updated
Western Med.,NEP,5,2011,1666,48,21,0.27,a4a,https://gfcmsitestorage.blob.core.windows.net/documents/SAC/SAFs/DemersalSpecies/2017/NEP_GSA_05_2017_ESP.pdf,NA,Fmsy,NEP_5,0.096,2.8125,NA,NA,NA,NA,Nephrops norvegicus,Norway lobster,NA,NA,NA,2018,10_01_2020,updated
Western Med.,NEP,5,2012,1819,48,22,0.27,a4a,https://gfcmsitestorage.blob.core.windows.net/documents/SAC/SAFs/DemersalSpecies/2017/NEP_GSA_05_2017_ESP.pdf,NA,Fmsy,NEP_5,0.096,2.8125,NA,NA,NA,NA,Nephrops norvegicus,Norway lobster,NA,NA,NA,2018,10_01_2020,updated
Western Med.,NEP,5,2013,2260,50,21,0.26,a4a,https://gfcmsitestorage.blob.core.windows.net/documents/SAC/SAFs/DemersalSpecies/2017/NEP_GSA_05_2017_ESP.pdf,NA,Fmsy,NEP_5,0.096,2.70833333333333,NA,NA,NA,NA,Nephrops norvegicus,Norway lobster,NA,NA,NA,2018,10_01_2020,updated
Western Med.,NEP,5,2014,2452,53,22,0.26,a4a,https://gfcmsitestorage.blob.core.windows.net/documents/SAC/SAFs/DemersalSpecies/2017/NEP_GSA_05_2017_ESP.pdf,NA,Fmsy,NEP_5,0.096,2.70833333333333,NA,NA,NA,NA,Nephrops norvegicus,Norway lobster,NA,NA,NA,2018,10_01_2020,updated
Western Med.,NEP,5,2015,1728,55,28,0.3,a4a,https://gfcmsitestorage.blob.core.windows.net/documents/SAC/SAFs/DemersalSpecies/2017/NEP_GSA_05_2017_ESP.pdf,NA,Fmsy,NEP_5,0.096,3.125,NA,NA,NA,NA,Nephrops norvegicus,Norway lobster,NA,NA,NA,2018,10_01_2020,updated
Western Med.,NEP,5,2016,1363,44,34,0.44,a4a,https://gfcmsitestorage.blob.core.windows.net/documents/SAC/SAFs/DemersalSpecies/2017/NEP_GSA_05_2017_ESP.pdf,NA,Fmsy,NEP_5,0.096,4.58333333333333,NA,NA,NA,NA,Nephrops norvegicus,Norway lobster,NA,NA,NA,2018,10_01_2020,updated
Western Med.,NEP,5,2017,1410,27,34,0.73,a4a,https://gfcmsitestorage.blob.core.windows.net/documents/SAC/SAFs/DemersalSpecies/2017/NEP_GSA_05_2017_ESP.pdf,NA,Fmsy,NEP_5,0.096,7.60416666666667,NA,NA,NA,NA,Nephrops norvegicus,Norway lobster,NA,NA,NA,2018,10_01_2020,updated
